id,sentence,where,when,what,how_much,phrases,tags
wi001,come to the main gate,main gate,,come,,,
wi002,wait at the loading bay,loading bay,,wait,,,
wi003,meet me in the lobby,lobby,,meet,,,
wi004,go to the security cabin,security cabin,,go,,,
wi005,park near the petrol station,petrol station,,park,,,
wi006,bring the trolley to the warehouse,warehouse,,bring trolley,,,
wi007,wait outside the supermarket,supermarket,,wait,,,
wi008,come to the labour camp,labour camp,,come,,,
wi009,go to the bus stop,bus stop,,go,,,
wi010,meet at the metro station,metro station,,meet,,,
wi011,take the boxes to the store room,store room,,take boxes,,,
wi012,come to gate three,gate 3,,come,,,
wi013,wait at gate seven,gate 7,,wait,,,
wi014,go to floor twelve,floor 12,,go,,,
wi015,come to building five,building 5,,come,,,
wi016,deliver this to flat 204,flat 204,,deliver,,,
wi017,come to the parking gate four,parking gate 4,,come,,,
wi018,wait in the reception,reception,,wait,,,
wi019,go to the basement,basement,,go,,,
wi020,come to the clinic,clinic,,come,,,
wi021,go to the pharmacy,pharmacy,,go,,,
wi022,wait behind the villa,villa,,wait,,,
wi023,leave the keys at the desk,desk,,leave keys,,,
wi024,park the truck in the yard,yard,,park truck,,,
wi025,take the parcel to the mosque,mosque,,take parcel,,,
wi026,send the driver to the airport,airport,,send driver,,,
wi027,come to the rooftop,rooftop,,come,,,
wi028,wait near the exit,exit,,wait,,,
wi029,go to the canteen,canteen,,go,,,
wi030,come to the site office,site office,,come,,,
wi031,meet me at the car wash,car wash,,meet,,,
wi032,come to the mall,mall,,come,,,
wi033,bring the ladder to tower two,tower 2,,bring ladder,,,
wi034,wait at the bank,bank,,wait,,,
wi035,come tomorrow,,tomorrow,come,,,
wi036,come at five,,5,come,,,
wi037,call me at 5 pm,,5 pm,call,,,
wi038,start work at seven in the morning,,7 morning,start work,,,
wi039,come before noon,,noon,come,,,
wi040,wait until morning,,morning,wait,,,
wi041,come after maghrib,,maghrib,come,,,
wi042,call me tonight,,tonight,call,,,
wi043,meet me on friday,,friday,meet,,,
wi044,come on monday at eight,,monday 8,come,,,
wi045,come by evening,,evening,come,,,
wi046,the shift starts at six,,6,,,,
wi047,the meeting is at three pm,,3 pm,,,,
wi048,come today,,today,come,,,
wi049,come now,,now,come,,,
wi050,wait ten minutes,,10 minutes,wait,,,
wi051,come after lunch,,lunch,come,,,
wi052,come next week,,next week,come,,,
wi053,send it by tomorrow,,tomorrow,send,,,
wi054,come at 8 o'clock,,8,come,,,
wi055,start at nine,,9,start,,,
wi056,finish before midnight,,midnight,finish,,,
wi057,come this evening,,evening,come,,,
wi058,come at noon,,noon,come,,,
wi059,pay fifty dirhams,,,pay,50 dirhams,,
wi060,it costs twenty five dirhams,,,,25 dirhams,,
wi061,send 100 dirhams,,,send,100 dirhams,,
wi062,the fine is two hundred dirhams,,,,200 dirhams,,
wi063,pay 30 aed at the counter,counter,,pay,30 aed,,
wi064,the taxi is fifteen dirhams,,,,15 dirhams,,
wi065,you will get 1500 dirhams,,,,1500 dirhams,,
wi066,the rent is 800 dirhams,,,,800 dirhams,,
wi067,pay five hundred dirhams tomorrow,,tomorrow,pay,500 dirhams,,
wi068,transfer three thousand dirhams,,,transfer,3000 dirhams,,
wi069,the ticket costs 45 dirhams,,,,45 dirhams,,
wi070,pay 20 dirhams to the driver,,,pay,20 dirhams,,
wi071,give me sixty dirhams,,,give,60 dirhams,,
wi072,the charge is 12 dirhams,,,,12 dirhams,,
wi073,send two hundred aed today,,today,send,200 aed,,
wi074,don't come today,,today,don't come,,,
wi075,do not come to the gate,gate,,don't come,,,
wi076,never park here,,,never park,,,
wi077,don't bring the bags,,,don't bring bags,,,
wi078,do not wait at the lobby,lobby,,don't wait,,,
wi079,i cannot come tomorrow,,tomorrow,cannot come,,,
wi080,don't pay fifty dirhams,,,don't pay,50 dirhams,,
wi081,do not go to the basement,basement,,don't go,,,
wi082,don't call me before eight,,8,don't call,,,
wi083,please don't come at five,,5,don't come,,,
wi084,do not open the door,,,don't open door,,,
wi085,don't send the money today,,today,don't send money,,,
wi086,never come to the site alone,site,,never come,,,
wi087,do not bring food to the office,office,,don't bring food,,,
wi088,don't take the keys,,,don't take keys,,,
wi089,i cannot pay fifty dirhams,,,cannot pay,50 dirhams,,
wi090,do not come at night,,night,don't come,,,
wi091,don't leave the truck at the entrance,entrance,,don't leave truck,,,
wi092,do not park in front of the gate,gate,,don't park,,,
wi093,don't wait for me,,,don't wait,,,
wi094,please do not come tomorrow,,tomorrow,don't come,,,
wi095,come to the parking gate three at five,parking gate 3,5,come,,,
wi096,meet me at the lobby tomorrow at nine,lobby,tomorrow 9,meet,,,
wi097,bring the keys to the reception before noon,reception,noon,bring keys,,,
wi098,pay fifty dirhams at the counter tomorrow,counter,tomorrow,pay,50 dirhams,,
wi099,wait at the loading bay until six,loading bay,6,wait,,,
wi100,take the parcel to building nine on friday,building 9,friday,take parcel,,,
wi101,send the driver to the airport at seven,airport,7,send driver,,,
wi102,come to gate two tomorrow morning,gate 2,tomorrow morning,come,,,
wi103,deliver the files to floor eight today,floor 8,today,deliver files,,,
wi104,pay twenty dirhams at the office tomorrow,office,tomorrow,pay,20 dirhams,,
wi105,don't come to the warehouse before eight,warehouse,8,don't come,,,
wi106,park the truck near tower three at noon,tower 3,noon,park truck,,,
wi107,wait at the bus stop until seven,bus stop,7,wait,,,
wi108,collect the bags from the store room at four,store room,4,collect bags,,,
wi109,call me tomorrow at ten,,tomorrow 10,call,,,
wi110,come to flat 305 at eight pm,flat 305,8 pm,come,,,
wi111,bring the box to the site office today,site office,today,bring box,,,
wi112,pay two hundred dirhams at the reception on monday,reception,monday,pay,200 dirhams,,
wi113,do not pay at the gate today,gate,today,don't pay,,,
wi114,meet me at the metro station at six pm,metro station,6 pm,meet,,,
wi115,yalla come to the gate,gate,,come,,yalla,
wi116,habibi wait at the lobby,lobby,,wait,,habibi,
wi117,khalas don't come tomorrow,,tomorrow,don't come,,khalas,
wi118,inshallah i come at five,,5,,,inshallah,
wi119,yalla bring the bags to the villa,villa,,bring bags,,yalla,
wi120,mafi mushkila come tomorrow,,tomorrow,come,,mafi mushkila,
wi121,kindly revert by tomorrow,,tomorrow,revert,,kindly revert,
wi122,yalla pay fifty dirhams,,,pay,50 dirhams,yalla,
wi123,shway shway come to the gate,gate,,come,,shway shway,
wi124,wallah i cannot come today,,today,cannot come,,wallah,
wi125,the lift is not working,,,,,,
wi126,good morning sir,,,,,,
wi127,thank you very much,,,,,,
wi128,how are you,,,,,,
wi129,the food is very good,,,,,,
wi130,my phone is not working,,,,,,
wi131,i am happy today,,today,,,,
wi132,the boss is angry,,,,,,
wi133,we are very tired,,,,,,
wi134,it is very hot outside,,,,,,
wi135,i like this job,,,,,,
wi136,the weather is nice tomorrow,,tomorrow,,,,
